/*
SQLyog Ultimate v11.11 (64 bit)
MySQL - 5.6.15-log : Database - tunipharma
*********************************************************************
*/

/*!40101 SET NAMES utf8 */;

/*!40101 SET SQL_MODE=''*/;

/*!40014 SET @OLD_UNIQUE_CHECKS=@@UNIQUE_CHECKS, UNIQUE_CHECKS=0 */;
/*!40014 SET @OLD_FOREIGN_KEY_CHECKS=@@FOREIGN_KEY_CHECKS, FOREIGN_KEY_CHECKS=0 */;
/*!40101 SET @OLD_SQL_MODE=@@SQL_MODE, SQL_MODE='NO_AUTO_VALUE_ON_ZERO' */;
/*!40111 SET @OLD_SQL_NOTES=@@SQL_NOTES, SQL_NOTES=0 */;
CREATE DATABASE /*!32312 IF NOT EXISTS*/`tunipharma` /*!40100 DEFAULT CHARACTER SET utf8 COLLATE utf8_bin */;

USE `tunipharma`;

/*Table structure for table `pharmacie` */

DROP TABLE IF EXISTS `pharmacie`;

CREATE TABLE `pharmacie` (
  `ID` int(10) NOT NULL AUTO_INCREMENT,
  `nom` varchar(30) COLLATE utf8_bin NOT NULL,
  `adresse` varchar(50) COLLATE utf8_bin NOT NULL,
  `codepostal` int(4) NOT NULL,
  `type` varchar(20) COLLATE utf8_bin NOT NULL,
  `etat` varchar(20) COLLATE utf8_bin NOT NULL,
  `numtel` varchar(20) COLLATE utf8_bin DEFAULT NULL,
  `email` varchar(30) COLLATE utf8_bin DEFAULT NULL,
  `log` double(10,10) DEFAULT NULL,
  `lat` double(10,10) DEFAULT NULL,
  `pharmacien` int(10) NOT NULL,
  PRIMARY KEY (`ID`),
  KEY `fk_pharmacien` (`pharmacien`),
  KEY `fk_codepostal` (`codepostal`),
  CONSTRAINT `fk_codepostal` FOREIGN KEY (`codepostal`) REFERENCES `villes` (`codepostal`) ON DELETE NO ACTION ON UPDATE NO ACTION,
  CONSTRAINT `fk_pharmacien` FOREIGN KEY (`pharmacien`) REFERENCES `pharmacien` (`ref`) ON DELETE CASCADE ON UPDATE CASCADE
) ENGINE=InnoDB AUTO_INCREMENT=14 DEFAULT CHARSET=utf8 COLLATE=utf8_bin;

/*Data for the table `pharmacie` */

insert  into `pharmacie`(`ID`,`nom`,`adresse`,`codepostal`,`type`,`etat`,`numtel`,`email`,`log`,`lat`,`pharmacien`) values (6,'ABDELMOULA','71,Avenue Habib Bourguiba',2080,'pharmacie de jour','active','71716297','',0.0000000000,0.0000000000,10),(7,'ABDENNEBI','14, Avenue de la Liberté C,C,Tej',1004,'Jour','active','71 237 036','',0.0000000000,0.0000000000,11),(9,'ABDELMOULA','71,Avenue Habib Bourguiba',2080,'pharmacie de jour','demande','71716297','',0.0000000000,0.0000000000,10),(10,'ABDENNEBI','14, Avenue de la Liberté C,C,Tej',1004,'Jour','demande','71 237 036','',0.0000000000,0.0000000000,11),(11,'AMARA ZOHRA','19, Rue Taieb M\'Hiri',2041,'Jour','active','71 516 453','',0.0000000000,0.0000000000,13),(12,'AYADI FADHILA','112, Avenue HabibBourguiba',2061,'Nuit','active','71 558 423','',0.0000000000,0.0000000000,14),(13,'houssem','jhyguygkjpojmp',1143,'Jour','active','','',0.0000000000,0.0000000000,15);

/*Table structure for table `pharmacien` */

DROP TABLE IF EXISTS `pharmacien`;

CREATE TABLE `pharmacien` (
  `ref` int(10) NOT NULL AUTO_INCREMENT,
  `nom` varchar(30) COLLATE utf8_bin NOT NULL,
  `prénom` varchar(30) COLLATE utf8_bin NOT NULL,
  `cin` decimal(10,0) NOT NULL,
  `etat` varchar(20) COLLATE utf8_bin NOT NULL,
  `numtel` varchar(20) COLLATE utf8_bin DEFAULT NULL,
  `email` varchar(30) COLLATE utf8_bin DEFAULT NULL,
  PRIMARY KEY (`ref`)
) ENGINE=InnoDB AUTO_INCREMENT=16 DEFAULT CHARSET=utf8 COLLATE=utf8_bin;

/*Data for the table `pharmacien` */

insert  into `pharmacien`(`ref`,`nom`,`prénom`,`cin`,`etat`,`numtel`,`email`) values (10,'ABDELMOUMEN EP, OUESLATI','SOUMAYA',112941,'active',NULL,NULL),(11,'ABDENNEBI','LILIAE',223344,'active','',''),(13,'AMARA EP, BEN RHOUMA','ZOHRA',12345600,'active','',''),(14,'AYADI EP, BEN HASSEN','FADHILA',44556677,'active','',''),(15,'houssem','hh',55441122,'active','','');

/*Table structure for table `service` */

DROP TABLE IF EXISTS `service`;

CREATE TABLE `service` (
  `id` int(11) NOT NULL AUTO_INCREMENT,
  `nom` varchar(100) NOT NULL,
  `categorie` varchar(100) NOT NULL,
  `etat` varchar(20) NOT NULL,
  `description` varchar(2000) DEFAULT NULL,
  PRIMARY KEY (`id`)
) ENGINE=InnoDB AUTO_INCREMENT=29 DEFAULT CHARSET=utf8;

/*Data for the table `service` */

insert  into `service`(`id`,`nom`,`categorie`,`etat`,`description`) values (1,'Produits de soins','Sante et bien-être','active','test'),(2,'Vitamines et supplements','Sante et bien-être','active','test'),(3,'Bien-être sexuel ','Sante et bien-être','active','test'),(4,'Produits pour maman et bebe','Sante et bien-être','active','test'),(5,'Produits pour controle du poids\r\n','Sante et bien-être','active','test'),(6,'parfums ','Beaute','demande','test'),(7,'cosmetiques','Beaute','active','test'),(8,'soins de la peau','Beaute','active','test'),(9,'produits pour cheveux ','Beaute','active','test'),(10,'soins des ongles','Beaute','active','test'),(28,'Produits de soins','Sante et bien-être','demande','test');

/*Table structure for table `utils` */

DROP TABLE IF EXISTS `utils`;

CREATE TABLE `utils` (
  `var` varchar(20) COLLATE utf8_bin NOT NULL,
  `valeur` varchar(200) COLLATE utf8_bin DEFAULT NULL,
  PRIMARY KEY (`var`)
) ENGINE=InnoDB DEFAULT CHARSET=utf8 COLLATE=utf8_bin;

/*Data for the table `utils` */

insert  into `utils`(`var`,`valeur`) values ('pharmacietype','pharmacie de jour#pharmacie de nuit');

/*Table structure for table `villes` */

DROP TABLE IF EXISTS `villes`;

CREATE TABLE `villes` (
  `codepostal` int(4) NOT NULL,
  `Gouvernorat` varchar(20) COLLATE utf8_bin NOT NULL,
  `Delegation` varchar(30) COLLATE utf8_bin NOT NULL,
  PRIMARY KEY (`codepostal`)
) ENGINE=InnoDB DEFAULT CHARSET=utf8 COLLATE=utf8_bin;

/*Data for the table `villes` */

insert  into `villes`(`codepostal`,`Gouvernorat`,`Delegation`) values (1000,'Tunis','Bab Bhar'),(1001,'Tunis','Bab Bhar'),(1002,'Tunis','Bab Bhar'),(1003,'Tunis','Cite El Khadra'),(1004,'Tunis','El Menzah'),(1005,'Tunis','El Omrane'),(1006,'Tunis','Bab Souika'),(1007,'Tunis','Essijoumi'),(1008,'Tunis','La Medina'),(1009,'Tunis','El Ouerdia'),(1013,'Tunis','El Menzah'),(1019,'Tunis','La Medina'),(1027,'Tunis','Sidi El Bechir'),(1029,'Tunis','El Omrane'),(1046,'Tunis','Jebel Jelloud'),(1053,'Tunis','La Marsa'),(1054,'Tunis','Carthage'),(1057,'Tunis','La Marsa'),(1059,'Tunis','La Medina'),(1064,'Tunis','El Omrane Superieur'),(1067,'Tunis','La Goulette'),(1068,'Tunis','El Omrane Superieur'),(1069,'Tunis','Bab Bhar'),(1073,'Tunis','Bab Bhar'),(1074,'Tunis','El Kabbaria'),(1075,'Tunis','Bab Souika'),(1082,'Tunis','El Menzah'),(1089,'Tunis','Sidi El Bechir'),(1091,'Tunis','El Omrane Superieur'),(1095,'Tunis','Sidi Hassine'),(1100,'Zaghouan','Zaghouan'),(1110,'Manouba','Mornaguia'),(1111,'Zaghouan','Bir Mcherga'),(1112,'Zaghouan','Hammam Zriba'),(1113,'Manouba','Borj El Amri'),(1114,'Manouba','El Battan'),(1115,'Zaghouan','Saouef'),(1116,'Manouba','Mornaguia'),(1121,'Zaghouan','Zaghouan'),(1122,'Zaghouan','Hammam Zriba'),(1123,'Zaghouan','Bir Mcherga'),(1124,'Manouba','Jedaida'),(1125,'Ben Arous','Rades'),(1130,'Manouba','Tebourba'),(1131,'Zaghouan','Bir Mcherga'),(1132,'Zaghouan','Zaghouan'),(1133,'Manouba','Tebourba'),(1134,'Manouba','Jedaida'),(1135,'Ben Arous','Fouchana'),(1140,'Zaghouan','El Fahs'),(1141,'Zaghouan','Bir Mcherga'),(1142,'Manouba','Borj El Amri'),(1143,'Manouba','Tebourba'),(1144,'Manouba','Tebourba'),(1145,'Ben Arous','Mohamadia'),(1146,'Zaghouan','El Fahs'),(1152,'Zaghouan','Hammam Zriba'),(1153,'Manouba','Mornaguia'),(1154,'Zaghouan','Ennadhour'),(1155,'Zaghouan','Zaghouan'),(1160,'Zaghouan','Ennadhour'),(1162,'Zaghouan','El Fahs'),(1163,'Zaghouan','Ennadhour'),(1164,'Ben Arous','Hammam Chott'),(1193,'Zaghouan','Bir Mcherga'),(1194,'Zaghouan','El Fahs'),(1200,'Kasserine','Kasserine Nord'),(1210,'Kasserine','Thala'),(1211,'Kasserine','Thala'),(1212,'Kasserine','Foussana'),(1213,'Kasserine','Feriana'),(1214,'Kasserine','Mejel Bel Abbes'),(1215,'Kasserine','Feriana'),(1216,'Kasserine','El Ayoun'),(1220,'Kasserine','Foussana'),(1221,'Kasserine','Haidra'),(1222,'Kasserine','Foussana'),(1223,'Kasserine','Feriana'),(1224,'Kasserine','Thala'),(1225,'Kasserine','Haidra'),(1226,'Kasserine','Mejel Bel Abbes'),(1230,'Kasserine','Kasserine Nord'),(1231,'Kasserine','Thala'),(1232,'Kasserine','Foussana'),(1233,'Kasserine','Kasserine Sud'),(1234,'Kasserine','El Ayoun'),(1235,'Kasserine','Thala'),(1237,'Kasserine','Kasserine Nord'),(1240,'Kasserine','Feriana'),(1241,'Kasserine','Hassi El Frid'),(1242,'Kasserine','Feriana'),(1243,'Kasserine','Feriana'),(1245,'Kasserine','Hassi El Frid'),(1247,'Kasserine','Hassi El Frid'),(1250,'Kasserine','Sbeitla'),(1251,'Kasserine','Sbeitla'),(1252,'Kasserine','Sbeitla'),(1253,'Kasserine','Kasserine Nord'),(1254,'Kasserine','Sbeitla'),(1255,'Kasserine','Sbeitla'),(1256,'Kasserine','Sbeitla'),(1261,'Kasserine','Thala'),(1263,'Kasserine','Sbeitla'),(1270,'Kasserine','Sbiba'),(1271,'Kasserine','Sbiba'),(1273,'Kasserine','Sbiba'),(1279,'Kasserine','Ezzouhour'),(1280,'Kasserine','Jediliane'),(1281,'Kasserine','Jediliane'),(1285,'Kasserine','Haidra'),(1293,'Kasserine','Mejel Bel Abbes'),(1294,'Kasserine','Mejel Bel Abbes'),(2000,'Tunis','El Omrane'),(2009,'Tunis','Le Bardo'),(2010,'Manouba','Manouba'),(2011,'Manouba','Manouba'),(2012,'Manouba','Jedaida'),(2013,'Ben Arous','Ben Arous'),(2014,'Ben Arous','Megrine'),(2015,'Tunis','El Kram'),(2016,'Tunis','Carthage'),(2017,'Tunis','Le Bardo'),(2018,'Ben Arous','Rades'),(2020,'Ariana','Sidi Thabet'),(2021,'Manouba','Oued Ellil'),(2022,'Ariana','Kalaat Landlous'),(2023,'Tunis','Jebel Jelloud'),(2024,'Ben Arous','Megrine'),(2025,'Tunis','Carthage'),(2026,'Tunis','Carthage'),(2027,'Ariana','Ariana Ville'),(2028,'Manouba','Mornaguia'),(2031,'Manouba','Oued Ellil'),(2032,'Ariana','Sidi Thabet'),(2033,'Ben Arous','Megrine'),(2034,'Ben Arous','Ezzahra'),(2035,'Tunis','Cite El Khadra'),(2036,'Ariana','La Soukra'),(2037,'Ariana','Ariana Ville'),(2040,'Ben Arous','Rades'),(2041,'Ariana','Ettadhamen'),(2042,'Tunis','Ettahrir'),(2043,'Ben Arous','Ben Arous'),(2044,'Ben Arous','Mornag'),(2045,'Tunis','La Marsa'),(2046,'Tunis','La Marsa'),(2050,'Ben Arous','Hammam Lif'),(2051,'Tunis','El Hrairia'),(2052,'Tunis','Ezzouhour (Tunis)'),(2053,'Tunis','El Kabbaria'),(2054,'Ben Arous','Mornag'),(2055,'Ben Arous','Hammam Chott'),(2056,'Ariana','Raoued'),(2057,'Ariana','Sidi Thabet'),(2058,'Ariana','Ariana Ville'),(2059,'Ben Arous','El Mourouj'),(2060,'Tunis','La Goulette'),(2061,'Ariana','Kalaat Landlous'),(2062,'Tunis','El Omrane Superieur'),(2063,'Ben Arous','Nouvelle Medina'),(2064,'Ben Arous','Mornag'),(2065,'Ben Arous','Ezzahra'),(2066,'Tunis','El Kabbaria'),(2071,'Manouba','Mornaguia'),(2072,'Tunis','Essijoumi'),(2073,'Ariana','La Soukra'),(2074,'Ben Arous','El Mourouj'),(2075,'Manouba','Jedaida'),(2076,'Tunis','La Marsa'),(2078,'Tunis','La Marsa'),(2080,'Ariana','Ariana Ville'),(2081,'Ariana','Raoued'),(2082,'Ben Arous','Fouchana'),(2083,'Ariana','Raoued'),(2084,'Ben Arous','Hammam Chott'),(2085,'Tunis','Carthage'),(2086,'Manouba','Douar Hicher'),(2087,'Tunis','El Hrairia'),(2088,'Ariana','Raoued'),(2089,'Tunis','El Kram'),(2090,'Ben Arous','Mornag'),(2091,'Ariana','Ariana Ville'),(2092,'Tunis','El Menzah'),(2093,'Ben Arous','Hammam Lif'),(2094,'Ariana','Mnihla'),(2096,'Ben Arous','Nouvelle Medina'),(2097,'Ben Arous','Bou Mhel El Bassatine'),(2098,'Ben Arous','Rades'),(2099,'Ben Arous','Hammam Lif'),(2100,'Gafsa','Gafsa Sud'),(2110,'Gafsa','Moulares'),(2111,'Gafsa','El Ksar'),(2112,'Gafsa','Gafsa Sud'),(2113,'Gafsa','Metlaoui'),(2114,'Gafsa','Moulares'),(2115,'Gafsa','Belkhir'),(2116,'Gafsa','Sned'),(2120,'Gafsa','Redeyef'),(2121,'Gafsa','El Ksar'),(2122,'Gafsa','Redeyef'),(2123,'Gafsa','Gafsa Sud'),(2124,'Gafsa','Gafsa Sud'),(2125,'Gafsa','El Guettar'),(2130,'Gafsa','Metlaoui'),(2131,'Gafsa','Sidi Aich'),(2132,'Gafsa','Metlaoui'),(2133,'Gafsa','Gafsa Sud'),(2134,'Gafsa','Metlaoui'),(2135,'Gafsa','Belkhir'),(2139,'Gafsa','Belkhir'),(2140,'Gafsa','Redeyef'),(2141,'Gafsa','Gafsa Nord'),(2142,'Gafsa','Gafsa Sud'),(2143,'Gafsa','Gafsa Sud'),(2145,'Gafsa','El Guettar'),(2151,'Gafsa','El Ksar'),(2161,'Gafsa','Moulares'),(2169,'Gafsa','El Ksar'),(2170,'Gafsa','El Mdhilla'),(2173,'Gafsa','El Mdhilla'),(2180,'Gafsa','El Guettar'),(2181,'Gafsa','El Guettar'),(2183,'Gafsa','El Guettar'),(2190,'Gafsa','Sned'),(2192,'Gafsa','Sned'),(2193,'Gafsa','Sned'),(2195,'Gafsa','Sned'),(2196,'Gafsa','Gafsa Nord'),(2200,'Tozeur','Tozeur'),(2210,'Tozeur','Tozeur'),(2211,'Tozeur','Tameghza'),(2212,'Tozeur','Tameghza'),(2213,'Tozeur','Tozeur'),(2214,'Tozeur','Degueche'),(2223,'Tozeur','Hezoua'),(2224,'Tozeur','Degueche'),(2233,'Tozeur','Tozeur'),(2239,'Tozeur','Tozeur'),(2240,'Tozeur','Nefta'),(2241,'Tozeur','Tozeur'),(2243,'Tozeur','Tozeur'),(2245,'Tozeur','Nefta'),(2253,'Tozeur','Tameghza'),(2260,'Tozeur','Degueche'),(2261,'Tozeur','Degueche'),(2262,'Tozeur','Degueche'),(2263,'Tozeur','Degueche'),(3000,'Sfax','Sfax Ville'),(3010,'Sfax','El Hencha'),(3011,'Sfax','Sakiet Eddaier'),(3012,'Sfax','Sfax Sud'),(3013,'Sfax','Sfax Sud'),(3014,'Sfax','Menzel Chaker'),(3015,'Sfax','Kerkenah'),(3016,'Sfax','Jebeniana'),(3020,'Sfax','Menzel Chaker'),(3021,'Sfax','Sakiet Ezzit'),(3022,'Sfax','Sfax Sud'),(3023,'Sfax','Sfax Est'),(3024,'Sfax','Ghraiba'),(3025,'Sfax','Kerkenah'),(3026,'Sfax','Jebeniana'),(3027,'Sfax','Sfax Ville'),(3030,'Sfax','Agareb'),(3031,'Sfax','Sakiet Ezzit'),(3032,'Sfax','Sfax Ville'),(3033,'Sfax','El Hencha'),(3034,'Sfax','Ghraiba'),(3035,'Sfax','Kerkenah'),(3036,'Sfax','El Amra'),(3037,'Sfax','Agareb'),(3039,'Sfax','Sfax Ville'),(3040,'Sfax','Bir Ali Ben Khelifa'),(3041,'Sfax','Sakiet Ezzit'),(3042,'Sfax','Sfax Sud'),(3043,'Sfax','El Hencha'),(3044,'Sfax','Mahras'),(3045,'Sfax','Kerkenah'),(3046,'Sfax','El Amra'),(3047,'Sfax','Sfax Ville'),(3048,'Sfax','Sfax Ville'),(3049,'Sfax','Sfax Ville'),(3050,'Sfax','Esskhira'),(3051,'Sfax','Sfax Ville'),(3052,'Sfax','Sfax Est'),(3053,'Sfax','El Hencha'),(3054,'Sfax','Sakiet Eddaier'),(3055,'Sfax','Kerkenah'),(3056,'Sfax','Jebeniana'),(3057,'Sfax','Agareb'),(3059,'Sfax','Sfax Sud'),(3060,'Sfax','Mahras'),(3061,'Sfax','Sakiet Eddaier'),(3062,'Sfax','Sfax Sud'),(3063,'Sfax','Sakiet Eddaier'),(3064,'Sfax','Sfax Est'),(3065,'Sfax','Sfax Ville'),(3066,'Sfax','El Amra'),(3067,'Sfax','Sakiet Eddaier'),(3069,'Sfax','Sfax Ville'),(3070,'Sfax','Kerkenah'),(3071,'Sfax','Sfax Est'),(3072,'Sfax','Sfax Est'),(3073,'Sfax','Esskhira'),(3074,'Sfax','Sfax Sud'),(3075,'Sfax','Agareb'),(3076,'Sfax','Sfax Sud'),(3077,'Sfax','Jebeniana'),(3078,'Sfax','Sfax Sud'),(3079,'Sfax','Sfax Ville'),(3080,'Sfax','Jebeniana'),(3081,'Sfax','Sakiet Eddaier'),(3082,'Sfax','Bir Ali Ben Khelifa'),(3083,'Sfax','Sfax Sud'),(3084,'Sfax','Sfax Sud'),(3085,'Sfax','Bir Ali Ben Khelifa'),(3086,'Sfax','Jebeniana'),(3087,'Sfax','El Amra'),(3089,'Sfax','Sfax Ville'),(3091,'Sfax','Sakiet Ezzit'),(3092,'Sfax','Menzel Chaker'),(3093,'Sfax','Sfax Sud'),(3094,'Sfax','Sakiet Eddaier'),(3095,'Sfax','El Amra'),(3097,'Sfax','Bir Ali Ben Khelifa'),(3099,'Sfax','Sfax Ville'),(3100,'Kairouan','Kairouan Sud'),(3110,'Kairouan','Sbikha'),(3111,'Kairouan','Kairouan Nord'),(3112,'Kairouan','Chebika'),(3113,'Kairouan','Oueslatia'),(3114,'Kairouan','Nasrallah'),(3115,'Kairouan','Nasrallah'),(3116,'Kairouan','Cherarda'),(3120,'Kairouan','Oueslatia'),(3121,'Kairouan','Chebika'),(3124,'Kairouan','Oueslatia'),(3125,'Kairouan','Sbikha'),(3126,'Kairouan','Bou Hajla'),(3129,'Kairouan','Kairouan Nord'),(3130,'Kairouan','Haffouz'),(3131,'Kairouan','Kairouan Sud'),(3132,'Kairouan','Sbikha'),(3133,'Kairouan','Chebika'),(3134,'Kairouan','Haffouz'),(3135,'Kairouan','Sbikha'),(3140,'Kairouan','Kairouan Nord'),(3142,'Kairouan','Kairouan Nord'),(3143,'Kairouan','Kairouan Sud'),(3145,'Kairouan','Cherarda'),(3150,'Kairouan','El Ala'),(3151,'Kairouan','Kairouan Sud'),(3152,'Kairouan','Bou Hajla'),(3153,'Kairouan','El Ala'),(3154,'Kairouan','El Ala'),(3160,'Kairouan','Hajeb El Ayoun'),(3161,'Kairouan','Chebika'),(3170,'Kairouan','Nasrallah'),(3171,'Kairouan','Nasrallah'),(3173,'Kairouan','Nasrallah'),(3180,'Kairouan','Bou Hajla'),(3181,'Kairouan','Bou Hajla'),(3182,'Kairouan','Kairouan Nord'),(3183,'Kairouan','Chebika'),(3191,'Kairouan','Kairouan Sud'),(3192,'Kairouan','Kairouan Sud'),(3193,'Kairouan','Kairouan Nord'),(3194,'Kairouan','Sbikha'),(3195,'Kairouan','Sbikha'),(3196,'Kairouan','Sbikha'),(3198,'Kairouan','Kairouan Sud'),(3199,'Kairouan','Kairouan Sud'),(3200,'Tataouine','Tataouine Nord'),(3211,'Tataouine','Tataouine Sud'),(3212,'Tataouine','Bir Lahmar'),(3213,'Tataouine','Smar'),(3214,'Tataouine','Tataouine Nord'),(3215,'Tataouine','Tataouine Sud'),(3217,'Tataouine','Tataouine Nord'),(3220,'Tataouine','Ghomrassen'),(3221,'Tataouine','Tataouine Sud'),(3222,'Tataouine','Tataouine Sud'),(3223,'Tataouine','Smar'),(3224,'Tataouine','Ghomrassen'),(3225,'Tataouine','Smar'),(3232,'Tataouine','Tataouine Sud'),(3233,'Tataouine','Tataouine Nord'),(3235,'Tataouine','Ghomrassen'),(3240,'Tataouine','Remada'),(3241,'Tataouine','Ghomrassen'),(3242,'Tataouine','Tataouine Sud'),(3243,'Tataouine','Tataouine Nord'),(3244,'Tataouine','Remada'),(3245,'Tataouine','Remada'),(3251,'Tataouine','Ghomrassen'),(3252,'Tataouine','Tataouine Sud'),(3253,'Tataouine','Dhehiba'),(3261,'Tataouine','Ghomrassen'),(3262,'Tataouine','Smar'),(3263,'Tataouine','Tataouine Nord'),(3264,'Tataouine','Tataouine Sud'),(3271,'Tataouine','Ghomrassen'),(3272,'Tataouine','Tataouine Nord'),(3274,'Tataouine','Tataouine Sud'),(3282,'Tataouine','Tataouine Nord'),(3284,'Tataouine','Tataouine Sud'),(3286,'Tataouine','Remada'),(3293,'Tataouine','Tataouine Sud'),(4000,'Sousse','Sousse Ville'),(4010,'Sousse','Bouficha'),(4011,'Sousse','Hammam Sousse'),(4012,'Sousse','Hergla'),(4013,'Sousse','MSaken'),(4014,'Sousse','MSaken'),(4015,'Sousse','MSaken'),(4016,'Sousse','MSaken'),(4017,'Sousse','Hammam Sousse'),(4020,'Sousse','Kondar'),(4021,'Sousse','Kalaa Sghira'),(4022,'Sousse','Akouda'),(4023,'Sousse','Sousse Riadh'),(4024,'Sousse','MSaken'),(4025,'Sousse','Sidi El Heni'),(4026,'Sousse','Sidi El Heni'),(4030,'Sousse','Enfidha'),(4031,'Sousse','Sousse Riadh'),(4032,'Sousse','Enfidha'),(4033,'Sousse','MSaken'),(4034,'Sousse','Enfidha'),(4035,'Sousse','Enfidha'),(4040,'Sousse','Sidi Bou Ali'),(4041,'Sousse','Sousse Riadh'),(4042,'Sousse','Akouda'),(4043,'Sousse','Sidi Bou Ali'),(4045,'Sousse','Sidi Bou Ali'),(4051,'Sousse','Sousse Jawhara'),(4054,'Sousse','Sousse Jawhara'),(4059,'Sousse','Sousse Ville'),(4060,'Sousse','Kalaa Kebira'),(4061,'Sousse','Sousse Jawhara'),(4062,'Sousse','Kalaa Kebira'),(4063,'Sousse','Kalaa Kebira'),(4070,'Sousse','MSaken'),(4071,'Sousse','Sousse Jawhara'),(4081,'Sousse','Sousse Riadh'),(4082,'Sousse','Bouficha'),(4089,'Sousse','Hammam Sousse'),(4092,'Sousse','Bouficha'),(4095,'Sousse','Enfidha'),(4099,'Sousse','MSaken'),(4100,'Medenine','Medenine Sud'),(4110,'Medenine','Beni Khedache'),(4111,'Medenine','Medenine Nord'),(4112,'Medenine','Beni Khedache'),(4113,'Medenine','Midoun'),(4114,'Medenine','Zarzis'),(4115,'Medenine','Houmet Essouk'),(4116,'Medenine','Midoun'),(4117,'Medenine','Sidi Makhlouf'),(4120,'Medenine','Houmet Essouk'),(4121,'Medenine','Medenine Nord'),(4122,'Medenine','Beni Khedache'),(4123,'Medenine','Houmet Essouk'),(4124,'Medenine','Zarzis'),(4125,'Medenine','Ajim'),(4126,'Medenine','Midoun'),(4127,'Medenine','Medenine Sud'),(4130,'Medenine','Medenine Nord'),(4131,'Medenine','Medenine Sud'),(4132,'Medenine','Beni Khedache'),(4133,'Medenine','Midoun'),(4134,'Medenine','Zarzis'),(4135,'Medenine','Ajim'),(4136,'Medenine','Houmet Essouk'),(4137,'Medenine','Zarzis'),(4141,'Medenine','Medenine Sud'),(4142,'Medenine','Medenine Nord'),(4143,'Medenine','Medenine Sud'),(4144,'Medenine','Zarzis'),(4145,'Medenine','Midoun'),(4146,'Medenine','Houmet Essouk'),(4150,'Medenine','Ajim'),(4151,'Medenine','Beni Khedache'),(4153,'Medenine','Ben Guerdane'),(4154,'Medenine','Zarzis'),(4155,'Medenine','Ajim'),(4156,'Medenine','Houmet Essouk'),(4159,'Medenine','Beni Khedache'),(4160,'Medenine','Ben Guerdane'),(4163,'Medenine','Ben Guerdane'),(4164,'Medenine','Zarzis'),(4165,'Medenine','Midoun'),(4166,'Medenine','Ajim'),(4170,'Medenine','Zarzis'),(4172,'Medenine','Zarzis'),(4173,'Medenine','Zarzis'),(4174,'Medenine','Zarzis'),(4175,'Medenine','Midoun'),(4176,'Medenine','Midoun'),(4179,'Medenine','Houmet Essouk'),(4180,'Medenine','Houmet Essouk'),(4181,'Medenine','Sidi Makhlouf'),(4182,'Medenine','Houmet Essouk'),(4183,'Medenine','Ben Guerdane'),(4185,'Medenine','Houmet Essouk'),(4186,'Medenine','Houmet Essouk'),(4190,'Medenine','Houmet Essouk'),(4191,'Medenine','Sidi Makhlouf'),(4192,'Medenine','Ben Guerdane'),(4193,'Medenine','Ben Guerdane'),(4194,'Medenine','Zarzis'),(4195,'Medenine','Houmet Essouk'),(4199,'Medenine','Midoun'),(4200,'Kebili','Kebili Sud'),(4210,'Kebili','El Faouar'),(4211,'Kebili','Kebili Sud'),(4212,'Kebili','Souk El Ahad'),(4213,'Kebili','Souk El Ahad'),(4214,'Kebili','Kebili Sud'),(4215,'Kebili','Douz'),(4216,'Kebili','Douz'),(4222,'Kebili','Douz'),(4223,'Kebili','Souk El Ahad'),(4224,'Kebili','Kebili Sud'),(4230,'Kebili','Souk El Ahad'),(4231,'Kebili','Souk El Ahad'),(4232,'Kebili','Kebili Nord'),(4233,'Kebili','Kebili Nord'),(4234,'Kebili','Douz'),(4235,'Kebili','Kebili Nord'),(4236,'Kebili','Souk El Ahad'),(4237,'Kebili','Kebili Nord'),(4242,'Kebili','Kebili Sud'),(4243,'Kebili','Kebili Sud'),(4253,'Kebili','Kebili Sud'),(4260,'Kebili','Douz'),(4261,'Kebili','Douz'),(4263,'Kebili','Kebili Sud'),(4264,'Kebili','El Faouar'),(4273,'Kebili','Kebili Nord'),(4274,'Kebili','Kebili Nord'),(4280,'Kebili','Kebili Nord'),(4283,'Kebili','Souk El Ahad'),(4293,'Kebili','Kebili Nord'),(4294,'Kebili','Kebili Nord'),(5000,'Monastir','Monastir'),(5010,'Monastir','Ouerdanine'),(5011,'Monastir','Monastir'),(5012,'Monastir','Sahline'),(5013,'Monastir','Jemmal'),(5014,'Monastir','Beni Hassen'),(5015,'Monastir','Sayada Lamta Bou Hajar'),(5016,'Monastir','Ksar Helal'),(5017,'Monastir','Jemmal'),(5020,'Monastir','Jemmal'),(5021,'Monastir','Bembla'),(5022,'Monastir','Bembla'),(5023,'Monastir','Ksibet El Mediouni'),(5024,'Monastir','Moknine'),(5025,'Monastir','Ksibet El Mediouni'),(5026,'Monastir','Beni Hassen'),(5027,'Monastir','Jemmal'),(5028,'Monastir','Jemmal'),(5030,'Monastir','Jemmal'),(5031,'Monastir','Ksibet El Mediouni'),(5032,'Monastir','Bembla'),(5033,'Monastir','Zeramdine'),(5034,'Monastir','Moknine'),(5035,'Monastir','Sayada Lamta Bou Hajar'),(5036,'Monastir','Bembla'),(5040,'Monastir','Zeramdine'),(5041,'Monastir','Ouerdanine'),(5042,'Monastir','Sahline'),(5043,'Monastir','Jemmal'),(5044,'Monastir','Moknine'),(5045,'Monastir','Zeramdine'),(5046,'Monastir','Zeramdine'),(5050,'Monastir','Moknine'),(5051,'Monastir','Moknine'),(5052,'Monastir','Ouerdanine'),(5053,'Monastir','Moknine'),(5054,'Monastir','Moknine'),(5060,'Monastir','Monastir'),(5061,'Monastir','Sahline'),(5062,'Monastir','Beni Hassen'),(5063,'Monastir','Ksibet El Mediouni'),(5065,'Monastir','Monastir'),(5066,'Monastir','Teboulba'),(5070,'Monastir','Ksar Helal'),(5071,'Monastir','Moknine'),(5076,'Monastir','Bembla'),(5079,'Monastir','Monastir'),(5080,'Monastir','Teboulba'),(5089,'Monastir','Monastir'),(5090,'Monastir','Bekalta'),(5091,'Monastir','Bekalta'),(5092,'Monastir','Bekalta'),(5099,'Monastir','Sayada Lamta Bou Hajar'),(5100,'Mahdia','Mahdia'),(5110,'Mahdia','Bou Merdes'),(5111,'Mahdia','Mahdia'),(5112,'Mahdia','Bou Merdes'),(5113,'Mahdia','Hbira'),(5114,'Mahdia','Melloulech'),(5115,'Mahdia','Ksour Essaf'),(5116,'Mahdia','Ksour Essaf'),(5117,'Mahdia','Melloulech'),(5120,'Mahdia','Ouled Chamakh'),(5121,'Mahdia','Mahdia'),(5122,'Mahdia','Hbira'),(5123,'Mahdia','Ouled Chamakh'),(5124,'Mahdia','El Jem'),(5125,'Mahdia','Bou Merdes'),(5126,'Mahdia','Ksour Essaf'),(5127,'Mahdia','Mahdia'),(5129,'Mahdia','Mahdia'),(5130,'Mahdia','Chorbane'),(5131,'Mahdia','Mahdia'),(5132,'Mahdia','Sidi Alouene'),(5133,'Mahdia','Chorbane'),(5134,'Mahdia','Souassi'),(5135,'Mahdia','Chorbane'),(5136,'Mahdia','Ksour Essaf'),(5140,'Mahdia','Souassi'),(5141,'Mahdia','Mahdia'),(5144,'Mahdia','Souassi'),(5145,'Mahdia','Souassi'),(5146,'Mahdia','Ksour Essaf'),(5150,'Mahdia','Mahdia'),(5151,'Mahdia','Sidi Alouene'),(5153,'Mahdia','El Jem'),(5154,'Mahdia','Hbira'),(5155,'Mahdia','Souassi'),(5160,'Mahdia','El Jem'),(5170,'Mahdia','La Chebba'),(5180,'Mahdia','Ksour Essaf'),(5189,'Mahdia','Ksour Essaf'),(5190,'Mahdia','Sidi Alouene'),(5192,'Mahdia','Sidi Alouene'),(5193,'Mahdia','Sidi Alouene'),(5199,'Mahdia','Mahdia'),(6000,'Gabes','Gabes Medina'),(6001,'Gabes','Gabes Medina'),(6010,'Gabes','El Metouia'),(6011,'Gabes','Gabes Sud'),(6012,'Gabes','Gabes Sud'),(6013,'Gabes','El Hamma'),(6014,'Gabes','Gabes Sud'),(6015,'Gabes','Mareth'),(6016,'Gabes','Mareth'),(6020,'Gabes','El Hamma'),(6021,'Gabes','Ghannouche'),(6022,'Gabes','Gabes Sud'),(6023,'Gabes','Mareth'),(6024,'Gabes','Nouvelle Matmata'),(6025,'Gabes','Nouvelle Matmata'),(6026,'Gabes','Mareth'),(6027,'Gabes','El Hamma'),(6030,'Gabes','Menzel Habib'),(6031,'Gabes','Gabes Ouest'),(6032,'Gabes','Gabes Sud'),(6033,'Gabes','Gabes Sud'),(6034,'Gabes','Matmata'),(6035,'Gabes','Mareth'),(6036,'Gabes','Mareth'),(6040,'Gabes','Gabes Medina'),(6041,'Gabes','Gabes Ouest'),(6042,'Gabes','El Metouia'),(6043,'Gabes','Nouvelle Matmata'),(6044,'Gabes','Nouvelle Matmata'),(6045,'Gabes','Mareth'),(6046,'Gabes','Mareth'),(6051,'Gabes','Gabes Ouest'),(6052,'Gabes','El Metouia'),(6054,'Gabes','Matmata'),(6055,'Gabes','Mareth'),(6056,'Gabes','Mareth'),(6060,'Gabes','El Hamma'),(6061,'Gabes','Gabes Medina'),(6062,'Gabes','El Hamma'),(6070,'Gabes','Matmata'),(6071,'Gabes','Gabes Medina'),(6072,'Gabes','Gabes Sud'),(6080,'Gabes','Mareth'),(6081,'Gabes','Mareth'),(6089,'Gabes','El Metouia'),(6092,'Gabes','El Hamma'),(6095,'Gabes','El Hamma'),(6099,'Gabes','Gabes Medina'),(6100,'Siliana','Siliana Nord'),(6110,'Siliana','Gaafour'),(6111,'Siliana','Gaafour'),(6112,'Siliana','Sidi Bou Rouis'),(6113,'Siliana','Sidi Bou Rouis'),(6114,'Siliana','Kesra'),(6115,'Siliana','Bargou'),(6116,'Siliana','El Aroussa'),(6120,'Siliana','Le Krib'),(6121,'Siliana','Gaafour'),(6122,'Siliana','Le Krib'),(6123,'Siliana','Siliana Sud'),(6124,'Siliana','Siliana Sud'),(6125,'Siliana','Le Krib'),(6126,'Siliana','Gaafour'),(6130,'Siliana','Siliana Nord'),(6131,'Siliana','Kesra'),(6132,'Siliana','Le Krib'),(6133,'Siliana','Kesra'),(6134,'Siliana','Sidi Bou Rouis'),(6135,'Siliana','El Aroussa'),(6140,'Siliana','Makthar'),(6141,'Siliana','Kesra'),(6142,'Siliana','Makthar'),(6143,'Siliana','Siliana Sud'),(6150,'Siliana','Rohia'),(6151,'Siliana','Makthar'),(6152,'Siliana','Rohia'),(6170,'Siliana','Bargou'),(6172,'Siliana','Gaafour'),(6173,'Siliana','Bargou'),(6180,'Siliana','Bou Arada'),(6196,'Siliana','Siliana Sud'),(7000,'Bizerte','Bizerte Nord'),(7001,'Bizerte','Bizerte Nord'),(7002,'Bizerte','Bizerte Nord'),(7003,'Bizerte','Bizerte Nord'),(7010,'Bizerte','Sejnane'),(7011,'Bizerte','Bizerte Sud'),(7012,'Bizerte','Joumine'),(7013,'Bizerte','Utique'),(7014,'Bizerte','Ghar El Melh'),(7015,'Bizerte','Ras Jebel'),(7016,'Bizerte','El Alia'),(7020,'Bizerte','Joumine'),(7021,'Bizerte','Jarzouna'),(7022,'Bizerte','Mateur'),(7023,'Bizerte','Utique'),(7024,'Bizerte','Ghar El Melh'),(7025,'Bizerte','Ras Jebel'),(7026,'Bizerte','Menzel Jemil'),(7027,'Bizerte','Bizerte Sud'),(7029,'Bizerte','Bizerte Nord'),(7030,'Bizerte','Mateur'),(7031,'Bizerte','Sejnane'),(7032,'Bizerte','Tinja'),(7033,'Bizerte','Ghar El Melh'),(7034,'Bizerte','Ras Jebel'),(7035,'Bizerte','Menzel Jemil'),(7036,'Bizerte','Bizerte Sud'),(7040,'Bizerte','Ghezala'),(7041,'Bizerte','Bizerte Sud'),(7042,'Bizerte','Menzel Bourguiba'),(7043,'Bizerte','Utique'),(7045,'Bizerte','Ras Jebel'),(7050,'Bizerte','Mateur'),(7053,'Bizerte','Bizerte Nord'),(7060,'Bizerte','Utique'),(7061,'Bizerte','Bizerte Nord'),(7063,'Bizerte','Utique'),(7064,'Bizerte','Bizerte Sud'),(7070,'Bizerte','Ras Jebel'),(7071,'Bizerte','Bizerte Sud'),(7072,'Bizerte','Menzel Bourguiba'),(7075,'Bizerte','Ras Jebel'),(7080,'Bizerte','Menzel Jemil'),(7081,'Bizerte','El Alia'),(7093,'Bizerte','El Alia'),(7094,'Bizerte','Bizerte Sud'),(7097,'Bizerte','Sejnane'),(7098,'Bizerte','Ras Jebel'),(7100,'Kef','El Kef Est'),(7110,'Kef','Nebeur'),(7111,'Kef','Nebeur'),(7112,'Kef','Touiref'),(7113,'Kef','Kalaa El Khasba'),(7114,'Kef','Jerissa'),(7115,'Kef','El Ksour'),(7116,'Kef','El Kef Est'),(7117,'Kef','El Kef Ouest'),(7120,'Kef','Sakiet Sidi Youssef'),(7122,'Kef','El Kef Est'),(7123,'Kef','Kalaa El Khasba'),(7125,'Kef','Sakiet Sidi Youssef'),(7130,'Kef','Kalaat Sinane'),(7131,'Kef','Nebeur'),(7132,'Kef','Tajerouine'),(7133,'Kef','Tajerouine'),(7134,'Kef','El Kef Est'),(7135,'Kef','Kalaat Sinane'),(7136,'Kef','Kalaat Sinane'),(7141,'Kef','Nebeur'),(7150,'Kef','Tajerouine'),(7151,'Kef','Tajerouine'),(7153,'Kef','Tajerouine'),(7160,'Kef','El Ksour'),(7170,'Kef','Dahmani'),(7180,'Kef','Le Sers'),(7194,'Kef','El Kef Est'),(8000,'Nabeul','Nabeul'),(8010,'Nabeul','Menzel Bouzelfa'),(8011,'Nabeul','Dar Chaabane Elfehri'),(8012,'Nabeul','Grombalia'),(8013,'Nabeul','Beni Khiar'),(8014,'Nabeul','Beni Khalled'),(8015,'Nabeul','Menzel Temime'),(8016,'Nabeul','El Haouaria'),(8020,'Nabeul','Soliman'),(8021,'Nabeul','Beni Khalled'),(8022,'Nabeul','Bou Argoub'),(8023,'Nabeul','Beni Khiar'),(8024,'Nabeul','Korba'),(8025,'Nabeul','Hammam El Ghezaz'),(8026,'Nabeul','El Haouaria'),(8030,'Nabeul','Grombalia'),(8031,'Nabeul','Takelsa'),(8032,'Nabeul','Hammamet'),(8033,'Nabeul','Korba'),(8034,'Nabeul','Menzel Temime'),(8035,'Nabeul','Kelibia'),(8036,'Nabeul','El Haouaria'),(8040,'Nabeul','Bou Argoub'),(8041,'Nabeul','Soliman'),(8042,'Nabeul','Hammamet'),(8043,'Nabeul','Korba'),(8044,'Nabeul','El Mida'),(8045,'Nabeul','El Haouaria'),(8046,'Nabeul','El Haouaria'),(8050,'Nabeul','Hammamet'),(8051,'Nabeul','Soliman'),(8052,'Nabeul','Grombalia'),(8053,'Nabeul','Korba'),(8054,'Nabeul','Menzel Temime'),(8055,'Nabeul','Kelibia'),(8056,'Nabeul','Hammamet'),(8060,'Nabeul','Beni Khiar'),(8061,'Nabeul','Bou Argoub'),(8062,'Nabeul','Nabeul'),(8063,'Nabeul','Soliman'),(8064,'Nabeul','Menzel Temime'),(8065,'Nabeul','Kelibia'),(8066,'Nabeul','Beni Khiar'),(8069,'Nabeul','Kelibia'),(8070,'Nabeul','Korba'),(8071,'Nabeul','El Mida'),(8073,'Nabeul','Soliman'),(8074,'Nabeul','El Haouaria'),(8075,'Nabeul','Dar Chaabane Elfehri'),(8076,'Nabeul','Korba'),(8080,'Nabeul','Menzel Temime'),(8082,'Nabeul','Grombalia'),(8083,'Nabeul','Menzel Temime'),(8084,'Nabeul','Grombalia'),(8089,'Nabeul','El Mida'),(8090,'Nabeul','Kelibia'),(8091,'Nabeul','Menzel Bouzelfa'),(8092,'Nabeul','Grombalia'),(8093,'Nabeul','Grombalia'),(8094,'Nabeul','Kelibia'),(8096,'Nabeul','Hammam El Ghezaz'),(8099,'Nabeul','Beni Khalled'),(8100,'Jendouba','Jendouba'),(8110,'Jendouba','Tabarka'),(8111,'Jendouba','Jendouba Nord'),(8112,'Jendouba','Tabarka'),(8114,'Jendouba','Fernana'),(8115,'Jendouba','Oued Mliz'),(8116,'Jendouba','Balta Bou Aouene'),(8117,'Jendouba','Jendouba Nord'),(8121,'Jendouba','Ain Draham'),(8122,'Jendouba','Jendouba'),(8124,'Jendouba','Bou Salem'),(8126,'Jendouba','Balta Bou Aouene'),(8127,'Jendouba','Tabarka'),(8128,'Jendouba','Tabarka'),(8130,'Jendouba','Ain Draham'),(8131,'Jendouba','Jendouba'),(8132,'Jendouba','Jendouba Nord'),(8134,'Jendouba','Ain Draham'),(8135,'Jendouba','Ain Draham'),(8136,'Jendouba','Ain Draham'),(8140,'Jendouba','Fernana'),(8141,'Jendouba','Fernana'),(8142,'Jendouba','Fernana'),(8143,'Jendouba','Bou Salem'),(8145,'Jendouba','Fernana'),(8153,'Jendouba','Jendouba'),(8160,'Jendouba','Ghardimaou'),(8161,'Jendouba','Ghardimaou'),(8162,'Jendouba','Ghardimaou'),(8170,'Jendouba','Bou Salem'),(8173,'Jendouba','Bou Salem'),(8181,'Jendouba','Tabarka'),(8185,'Jendouba','Oued Mliz'),(8189,'Jendouba','Jendouba Nord'),(8192,'Jendouba','Tabarka'),(8193,'Jendouba','Oued Mliz'),(8194,'Jendouba','Oued Mliz'),(8195,'Jendouba','Jendouba'),(8196,'Jendouba','Jendouba'),(9000,'Beja','Beja Nord'),(9010,'Beja','Nefza'),(9011,'Beja','Nefza'),(9012,'Beja','Nefza'),(9013,'Beja','Mejez El Bab'),(9014,'Beja','Testour'),(9015,'Beja','Mejez El Bab'),(9021,'Beja','Beja Sud'),(9022,'Beja','Thibar'),(9023,'Beja','Beja Sud'),(9024,'Beja','Mejez El Bab'),(9029,'Beja','Beja Sud'),(9030,'Beja','Amdoun'),(9031,'Beja','Beja Nord'),(9032,'Beja','Teboursouk'),(9034,'Beja','Mejez El Bab'),(9040,'Beja','Teboursouk'),(9042,'Beja','Thibar'),(9044,'Beja','Mejez El Bab'),(9046,'Beja','Teboursouk'),(9052,'Beja','Beja Sud'),(9060,'Beja','Testour'),(9061,'Beja','Testour'),(9062,'Beja','Testour'),(9070,'Beja','Mejez El Bab'),(9071,'Beja','Mejez El Bab'),(9072,'Beja','Mejez El Bab'),(9075,'Beja','Mejez El Bab'),(9080,'Beja','Goubellat'),(9083,'Beja','Goubellat'),(9084,'Beja','Amdoun'),(9100,'Sidi Bouzid','Sidi Bouzid Est'),(9110,'Sidi Bouzid','Jilma'),(9111,'Sidi Bouzid','Sidi Bouzid Ouest'),(9112,'Sidi Bouzid','Sidi Bouzid Est'),(9113,'Sidi Bouzid','Bir El Haffey'),(9114,'Sidi Bouzid','Menzel Bouzaiene'),(9115,'Sidi Bouzid','Regueb'),(9116,'Sidi Bouzid','Ouled Haffouz'),(9120,'Sidi Bouzid','Ben Oun'),(9121,'Sidi Bouzid','Souk Jedid'),(9122,'Sidi Bouzid','Cebbala'),(9123,'Sidi Bouzid','Bir El Haffey'),(9124,'Sidi Bouzid','Menzel Bouzaiene'),(9125,'Sidi Bouzid','Sidi Bouzid Ouest'),(9126,'Sidi Bouzid','Bir El Haffey'),(9127,'Sidi Bouzid','Sidi Bouzid Ouest'),(9131,'Sidi Bouzid','Sidi Bouzid Ouest'),(9132,'Sidi Bouzid','Sidi Bouzid Ouest'),(9133,'Sidi Bouzid','Sidi Bouzid Est'),(9139,'Sidi Bouzid','Menzel Bouzaiene'),(9140,'Sidi Bouzid','Maknassy'),(9141,'Sidi Bouzid','Sidi Bouzid Est'),(9142,'Sidi Bouzid','Souk Jedid'),(9143,'Sidi Bouzid','Maknassy'),(9144,'Sidi Bouzid','Maknassy'),(9149,'Sidi Bouzid','Maknassy'),(9150,'Sidi Bouzid','Mezzouna'),(9151,'Sidi Bouzid','Mezzouna'),(9154,'Sidi Bouzid','Mezzouna'),(9158,'Sidi Bouzid','Maknassy'),(9159,'Sidi Bouzid','Bir El Haffey'),(9169,'Sidi Bouzid','Ben Oun'),(9170,'Sidi Bouzid','Regueb'),(9171,'Sidi Bouzid','Sidi Bouzid Est'),(9172,'Sidi Bouzid','Regueb'),(9173,'Sidi Bouzid','Regueb'),(9174,'Sidi Bouzid','Regueb'),(9180,'Sidi Bouzid','Ouled Haffouz'),(9183,'Sidi Bouzid','Ouled Haffouz');

/*!40101 SET SQL_MODE=@OLD_SQL_MODE */;
/*!40014 SET FOREIGN_KEY_CHECKS=@OLD_FOREIGN_KEY_CHECKS */;
/*!40014 SET UNIQUE_CHECKS=@OLD_UNIQUE_CHECKS */;
/*!40111 SET SQL_NOTES=@OLD_SQL_NOTES */;
